[
  {
    "model": "simpleView.user",
    "pk": 1,
    "fields": {
      "password": "pbkdf2_sha256$600000$DssYS5nHFy67QQJ31f1lpR$W/yvYKXo3CxMAJmOJidA4tXP9gPV0YSiSkmTDhaZoXE=",
      "last_login": "2023-11-14T17:39:55.022Z",
      "is_superuser": true,
      "username": "admin",
      "last_name": "",
      "email": "",
      "is_staff": true,
      "is_active": true,
      "date_joined": "2023-11-14T17:38:18.413Z",
      "first_name": "",
      "middle_name": "",
      "student": null,
      "teacher": null,
      "groups": [],
      "user_permissions": []
    }
  },
  {
    "model": "simpleView.administration",
    "pk": 1,
    "fields": {
      "date_create": "2023-11-14T06:33:57Z",
      "middle_name": "Козел",
      "first_name": "Георгий",
      "last_name": "Владимирович",
      "image": "https://mgkct.minskedu.gov.by/files/02049/obj/650/41243/ico/Screenshot%202022-12-10%20123212.jpg",
      "education": "Окончил исторический и юридический факультеты БГУ, Российскую Академию Государственной службы при Президенте Российской Федерации",
      "description": "18 июля 1971 года рождения. Окончил исторический и юридический факультеты БГУ, Российскую Академию Государственной службы при Президенте Российской Федерации, стажировался в Королевстве Нидерланды. Преподаватель высшей категории.",
      "second_description": "При активном участии Г.В. Козела построен учебный корпус по ул. Кнорина, 14, в котором разместился Центр профессиональной и социальной реабилитации лиц с особенностями психофизического развития. Впервые в республике начато обучение лиц с нарушениями зрения и расстройством аутистического спектра интеллектуальным профессиям. Открыт Центр компетенций по робототехнике, и одиннадцать новых специальностей на уровне среднего специального образования, а также первый в республике ресурсный центр инклюзивного профессионального образования. Получило развитие стройотрядовское движение и впервые с 2021 года в республике формируются стройотряды, состоящие из учащихся с особыми образовательными потребностями. Более 700 ребят с особенностями психофизического развития прошли обучение в колледже и были успешно социализированы в обществе. В настоящее время в колледже реализуется проект по расширению обучения интеллектуальным профессиям детей с расстройством аутистического спектра.",
      "position": "Директор",
      "date_edit": "2023-11-14T06:34:40.700Z"
    }
  },
  {
    "model": "simpleView.administration",
    "pk": 2,
    "fields": {
      "date_create": "2023-11-14T06:33:57Z",
      "middle_name": "Филипцова",
      "first_name": "Елена",
      "last_name": "Викторовна",
      "image": "https://mgkct.minskedu.gov.by/files/02049/obj/650/41253/ico/Screenshot%202022-12-10%20133054.jpg",
      "education": "Белорусский государственный педагогический университет им. М. Танка по специальности «Биология» с дополнительной специальностью «Химия». Имеет Диплом бакалавра Белорусского государственного педагогического университета им. М. Танка по специальности «Биология», присуждена академическая степень бакалавра педагогических наук",
      "description": "23 марта 1980 года рождения. Окончила Белорусский государственный педагогический университет им. М. Танка по специальности «Биология» с дополнительной специальностью «Химия». Имеет Диплом бакалавра Белорусского государственного педагогического университета им. М. Танка по специальности «Биология», присуждена академическая степень бакалавра педагогических наук.",
      "second_description": "За трудовую  деятельность награждена: Благодарственным письмом Президента Республики Беларусь;  Грамотой Патриаршего Экзарха (Митрополита Минского и Заславского Вениамина); Почетными грамотами: комитета по образованию Мингорисполкома, администрации Октябрьского района г.Минска; УО «Минский государственный колледж электроники», ОО Белорусский фонд мира; Благодарностями: Мингорсовета, комитета по образованию Мингорисполкома. Обладатель Дипломов: Диплома I степени Министерства образования в республиканском конкурсе проекта Энергия и среда обитания в номинации Педагогическая разработка; III  степени Комитета по образованию Мингорисполкома в номинации Педагогическая разработка.  Практический урок Сохрани климат с помощью простых энергетических решений городского этапа республиканского конкурса Энергомарафон 2017.",
      "position": "Заместитель директора по учебной работе",
      "date_edit": "2023-11-14T06:34:40.700Z"
    }
  },
  {
    "model": "simpleView.administration",
    "pk": 3,
    "fields": {
      "date_create": "2023-11-14T06:33:57Z",
      "middle_name": "Филипцова",
      "first_name": "Елена",
      "last_name": "Викторовна",
      "image": "https://mgkct.minskedu.gov.by/files/02049/obj/650/41253/ico/Screenshot%202022-12-10%20133054.jpg",
      "education": "Белорусский государственный педагогический университет им. М. Танка по специальности «Биология» с дополнительной специальностью «Химия». Имеет Диплом бакалавра Белорусского государственного педагогического университета им. М. Танка по специальности «Биология», присуждена академическая степень бакалавра педагогических наук",
      "description": "23 марта 1980 года рождения. Окончила Белорусский государственный педагогический университет им. М. Танка по специальности «Биология» с дополнительной специальностью «Химия». Имеет Диплом бакалавра Белорусского государственного педагогического университета им. М. Танка по специальности «Биология», присуждена академическая степень бакалавра педагогических наук.",
      "second_description": "За трудовую  деятельность награждена: Благодарственным письмом Президента Республики Беларусь;  Грамотой Патриаршего Экзарха (Митрополита Минского и Заславского Вениамина); Почетными грамотами: комитета по образованию Мингорисполкома, администрации Октябрьского района г.Минска; УО «Минский государственный колледж электроники», ОО Белорусский фонд мира; Благодарностями: Мингорсовета, комитета по образованию Мингорисполкома. Обладатель Дипломов: Диплома I степени Министерства образования в республиканском конкурсе проекта Энергия и среда обитания в номинации Педагогическая разработка; III  степени Комитета по образованию Мингорисполкома в номинации Педагогическая разработка.  Практический урок Сохрани климат с помощью простых энергетических решений городского этапа республиканского конкурса Энергомарафон 2017.",
      "position": "Заместитель директора по учебной работе",
      "date_edit": "2023-11-14T06:34:40.700Z"
    }
  },
  {
    "model": "simpleView.administration",
    "pk": 4,
    "fields": {
      "date_create": "2023-11-14T06:33:57Z",
      "middle_name": "Филипцова",
      "first_name": "Елена",
      "last_name": "Викторовна",
      "image": "https://mgkct.minskedu.gov.by/files/02049/obj/650/41253/ico/Screenshot%202022-12-10%20133054.jpg",
      "education": "Белорусский государственный педагогический университет им. М. Танка по специальности «Биология» с дополнительной специальностью «Химия». Имеет Диплом бакалавра Белорусского государственного педагогического университета им. М. Танка по специальности «Биология», присуждена академическая степень бакалавра педагогических наук",
      "description": "23 марта 1980 года рождения. Окончила Белорусский государственный педагогический университет им. М. Танка по специальности «Биология» с дополнительной специальностью «Химия». Имеет Диплом бакалавра Белорусского государственного педагогического университета им. М. Танка по специальности «Биология», присуждена академическая степень бакалавра педагогических наук.",
      "second_description": "За трудовую  деятельность награждена: Благодарственным письмом Президента Республики Беларусь;  Грамотой Патриаршего Экзарха (Митрополита Минского и Заславского Вениамина); Почетными грамотами: комитета по образованию Мингорисполкома, администрации Октябрьского района г.Минска; УО «Минский государственный колледж электроники», ОО Белорусский фонд мира; Благодарностями: Мингорсовета, комитета по образованию Мингорисполкома. Обладатель Дипломов: Диплома I степени Министерства образования в республиканском конкурсе проекта Энергия и среда обитания в номинации Педагогическая разработка; III  степени Комитета по образованию Мингорисполкома в номинации Педагогическая разработка.  Практический урок Сохрани климат с помощью простых энергетических решений городского этапа республиканского конкурса Энергомарафон 2017.",
      "position": "Заместитель директора по учебной работе",
      "date_edit": "2023-11-14T06:34:40.700Z"
    }
  },
  {
    "model": "simpleView.administration",
    "pk": 5,
    "fields": {
      "date_create": "2023-11-14T06:33:57Z",
      "middle_name": "Филипцова",
      "first_name": "Елена",
      "last_name": "Викторовна",
      "image": "https://mgkct.minskedu.gov.by/files/02049/obj/650/41253/ico/Screenshot%202022-12-10%20133054.jpg",
      "education": "Белорусский государственный педагогический университет им. М. Танка по специальности «Биология» с дополнительной специальностью «Химия». Имеет Диплом бакалавра Белорусского государственного педагогического университета им. М. Танка по специальности «Биология», присуждена академическая степень бакалавра педагогических наук",
      "description": "23 марта 1980 года рождения. Окончила Белорусский государственный педагогический университет им. М. Танка по специальности «Биология» с дополнительной специальностью «Химия». Имеет Диплом бакалавра Белорусского государственного педагогического университета им. М. Танка по специальности «Биология», присуждена академическая степень бакалавра педагогических наук.",
      "second_description": "За трудовую  деятельность награждена: Благодарственным письмом Президента Республики Беларусь;  Грамотой Патриаршего Экзарха (Митрополита Минского и Заславского Вениамина); Почетными грамотами: комитета по образованию Мингорисполкома, администрации Октябрьского района г.Минска; УО «Минский государственный колледж электроники», ОО Белорусский фонд мира; Благодарностями: Мингорсовета, комитета по образованию Мингорисполкома. Обладатель Дипломов: Диплома I степени Министерства образования в республиканском конкурсе проекта Энергия и среда обитания в номинации Педагогическая разработка; III  степени Комитета по образованию Мингорисполкома в номинации Педагогическая разработка.  Практический урок Сохрани климат с помощью простых энергетических решений городского этапа республиканского конкурса Энергомарафон 2017.",
      "position": "Заместитель директора по учебной работе",
      "date_edit": "2023-11-14T06:34:40.700Z"
    }
  },
  {
    "model": "simpleView.administration",
    "pk": 6,
    "fields": {
      "date_create": "2023-11-14T06:33:57Z",
      "middle_name": "Филипцова",
      "first_name": "Елена",
      "last_name": "Викторовна",
      "image": "https://mgkct.minskedu.gov.by/files/02049/obj/650/41253/ico/Screenshot%202022-12-10%20133054.jpg",
      "education": "Белорусский государственный педагогический университет им. М. Танка по специальности «Биология» с дополнительной специальностью «Химия». Имеет Диплом бакалавра Белорусского государственного педагогического университета им. М. Танка по специальности «Биология», присуждена академическая степень бакалавра педагогических наук",
      "description": "23 марта 1980 года рождения. Окончила Белорусский государственный педагогический университет им. М. Танка по специальности «Биология» с дополнительной специальностью «Химия». Имеет Диплом бакалавра Белорусского государственного педагогического университета им. М. Танка по специальности «Биология», присуждена академическая степень бакалавра педагогических наук.",
      "second_description": "За трудовую  деятельность награждена: Благодарственным письмом Президента Республики Беларусь;  Грамотой Патриаршего Экзарха (Митрополита Минского и Заславского Вениамина); Почетными грамотами: комитета по образованию Мингорисполкома, администрации Октябрьского района г.Минска; УО «Минский государственный колледж электроники», ОО Белорусский фонд мира; Благодарностями: Мингорсовета, комитета по образованию Мингорисполкома. Обладатель Дипломов: Диплома I степени Министерства образования в республиканском конкурсе проекта Энергия и среда обитания в номинации Педагогическая разработка; III  степени Комитета по образованию Мингорисполкома в номинации Педагогическая разработка.  Практический урок Сохрани климат с помощью простых энергетических решений городского этапа республиканского конкурса Энергомарафон 2017.",
      "position": "Заместитель директора по учебной работе",
      "date_edit": "2023-11-14T06:34:40.700Z"
    }
  },
  {
    "model": "simpleView.administration",
    "pk": 7,
    "fields": {
      "date_create": "2023-11-14T06:33:57Z",
      "middle_name": "Филипцова",
      "first_name": "Елена",
      "last_name": "Викторовна",
      "image": "https://mgkct.minskedu.gov.by/files/02049/obj/650/41253/ico/Screenshot%202022-12-10%20133054.jpg",
      "education": "Белорусский государственный педагогический университет им. М. Танка по специальности «Биология» с дополнительной специальностью «Химия». Имеет Диплом бакалавра Белорусского государственного педагогического университета им. М. Танка по специальности «Биология», присуждена академическая степень бакалавра педагогических наук",
      "description": "23 марта 1980 года рождения. Окончила Белорусский государственный педагогический университет им. М. Танка по специальности «Биология» с дополнительной специальностью «Химия». Имеет Диплом бакалавра Белорусского государственного педагогического университета им. М. Танка по специальности «Биология», присуждена академическая степень бакалавра педагогических наук.",
      "second_description": "За трудовую  деятельность награждена: Благодарственным письмом Президента Республики Беларусь;  Грамотой Патриаршего Экзарха (Митрополита Минского и Заславского Вениамина); Почетными грамотами: комитета по образованию Мингорисполкома, администрации Октябрьского района г.Минска; УО «Минский государственный колледж электроники», ОО Белорусский фонд мира; Благодарностями: Мингорсовета, комитета по образованию Мингорисполкома. Обладатель Дипломов: Диплома I степени Министерства образования в республиканском конкурсе проекта Энергия и среда обитания в номинации Педагогическая разработка; III  степени Комитета по образованию Мингорисполкома в номинации Педагогическая разработка.  Практический урок Сохрани климат с помощью простых энергетических решений городского этапа республиканского конкурса Энергомарафон 2017.",
      "position": "Заместитель директора по учебной работе",
      "date_edit": "2023-11-14T06:34:40.700Z"
    }
  },
  {
    "model": "simpleView.administration",
    "pk": 8,
    "fields": {
      "date_create": "2023-11-14T06:33:57Z",
      "middle_name": "Филипцова",
      "first_name": "Елена",
      "last_name": "Викторовна",
      "image": "https://mgkct.minskedu.gov.by/files/02049/obj/650/41253/ico/Screenshot%202022-12-10%20133054.jpg",
      "education": "Белорусский государственный педагогический университет им. М. Танка по специальности «Биология» с дополнительной специальностью «Химия». Имеет Диплом бакалавра Белорусского государственного педагогического университета им. М. Танка по специальности «Биология», присуждена академическая степень бакалавра педагогических наук",
      "description": "23 марта 1980 года рождения. Окончила Белорусский государственный педагогический университет им. М. Танка по специальности «Биология» с дополнительной специальностью «Химия». Имеет Диплом бакалавра Белорусского государственного педагогического университета им. М. Танка по специальности «Биология», присуждена академическая степень бакалавра педагогических наук.",
      "second_description": "За трудовую  деятельность награждена: Благодарственным письмом Президента Республики Беларусь;  Грамотой Патриаршего Экзарха (Митрополита Минского и Заславского Вениамина); Почетными грамотами: комитета по образованию Мингорисполкома, администрации Октябрьского района г.Минска; УО «Минский государственный колледж электроники», ОО Белорусский фонд мира; Благодарностями: Мингорсовета, комитета по образованию Мингорисполкома. Обладатель Дипломов: Диплома I степени Министерства образования в республиканском конкурсе проекта Энергия и среда обитания в номинации Педагогическая разработка; III  степени Комитета по образованию Мингорисполкома в номинации Педагогическая разработка.  Практический урок Сохрани климат с помощью простых энергетических решений городского этапа республиканского конкурса Энергомарафон 2017.",
      "position": "Заместитель директора по учебной работе",
      "date_edit": "2023-11-14T06:34:40.700Z"
    }
  },
  {
    "model": "simpleView.administration",
    "pk": 9,
    "fields": {
      "date_create": "2023-11-14T06:33:57Z",
      "middle_name": "Филипцова",
      "first_name": "Елена",
      "last_name": "Викторовна",
      "image": "https://mgkct.minskedu.gov.by/files/02049/obj/650/41253/ico/Screenshot%202022-12-10%20133054.jpg",
      "education": "Белорусский государственный педагогический университет им. М. Танка по специальности «Биология» с дополнительной специальностью «Химия». Имеет Диплом бакалавра Белорусского государственного педагогического университета им. М. Танка по специальности «Биология», присуждена академическая степень бакалавра педагогических наук",
      "description": "23 марта 1980 года рождения. Окончила Белорусский государственный педагогический университет им. М. Танка по специальности «Биология» с дополнительной специальностью «Химия». Имеет Диплом бакалавра Белорусского государственного педагогического университета им. М. Танка по специальности «Биология», присуждена академическая степень бакалавра педагогических наук.",
      "second_description": "За трудовую  деятельность награждена: Благодарственным письмом Президента Республики Беларусь;  Грамотой Патриаршего Экзарха (Митрополита Минского и Заславского Вениамина); Почетными грамотами: комитета по образованию Мингорисполкома, администрации Октябрьского района г.Минска; УО «Минский государственный колледж электроники», ОО Белорусский фонд мира; Благодарностями: Мингорсовета, комитета по образованию Мингорисполкома. Обладатель Дипломов: Диплома I степени Министерства образования в республиканском конкурсе проекта Энергия и среда обитания в номинации Педагогическая разработка; III  степени Комитета по образованию Мингорисполкома в номинации Педагогическая разработка.  Практический урок Сохрани климат с помощью простых энергетических решений городского этапа республиканского конкурса Энергомарафон 2017.",
      "position": "Заместитель директора по учебной работе",
      "date_edit": "2023-11-14T06:34:40.700Z"
    }
  },
  {
    "model": "simpleView.administration",
    "pk": 10,
    "fields": {
      "date_create": "2023-11-14T06:33:57Z",
      "middle_name": "Филипцова",
      "first_name": "Елена",
      "last_name": "Викторовна",
      "image": "https://mgkct.minskedu.gov.by/files/02049/obj/650/41253/ico/Screenshot%202022-12-10%20133054.jpg",
      "education": "Белорусский государственный педагогический университет им. М. Танка по специальности «Биология» с дополнительной специальностью «Химия». Имеет Диплом бакалавра Белорусского государственного педагогического университета им. М. Танка по специальности «Биология», присуждена академическая степень бакалавра педагогических наук",
      "description": "23 марта 1980 года рождения. Окончила Белорусский государственный педагогический университет им. М. Танка по специальности «Биология» с дополнительной специальностью «Химия». Имеет Диплом бакалавра Белорусского государственного педагогического университета им. М. Танка по специальности «Биология», присуждена академическая степень бакалавра педагогических наук.",
      "second_description": "За трудовую  деятельность награждена: Благодарственным письмом Президента Республики Беларусь;  Грамотой Патриаршего Экзарха (Митрополита Минского и Заславского Вениамина); Почетными грамотами: комитета по образованию Мингорисполкома, администрации Октябрьского района г.Минска; УО «Минский государственный колледж электроники», ОО Белорусский фонд мира; Благодарностями: Мингорсовета, комитета по образованию Мингорисполкома. Обладатель Дипломов: Диплома I степени Министерства образования в республиканском конкурсе проекта Энергия и среда обитания в номинации Педагогическая разработка; III  степени Комитета по образованию Мингорисполкома в номинации Педагогическая разработка.  Практический урок Сохрани климат с помощью простых энергетических решений городского этапа республиканского конкурса Энергомарафон 2017.",
      "position": "Заместитель директора по учебной работе",
      "date_edit": "2023-11-14T06:34:40.700Z"
    }
  },
  {
    "model": "simpleView.administration",
    "pk": 11,
    "fields": {
      "date_create": "2023-11-14T06:33:57Z",
      "middle_name": "Филипцова",
      "first_name": "Елена",
      "last_name": "Викторовна",
      "image": "https://mgkct.minskedu.gov.by/files/02049/obj/650/41253/ico/Screenshot%202022-12-10%20133054.jpg",
      "education": "Белорусский государственный педагогический университет им. М. Танка по специальности «Биология» с дополнительной специальностью «Химия». Имеет Диплом бакалавра Белорусского государственного педагогического университета им. М. Танка по специальности «Биология», присуждена академическая степень бакалавра педагогических наук",
      "description": "23 марта 1980 года рождения. Окончила Белорусский государственный педагогический университет им. М. Танка по специальности «Биология» с дополнительной специальностью «Химия». Имеет Диплом бакалавра Белорусского государственного педагогического университета им. М. Танка по специальности «Биология», присуждена академическая степень бакалавра педагогических наук.",
      "second_description": "За трудовую  деятельность награждена: Благодарственным письмом Президента Республики Беларусь;  Грамотой Патриаршего Экзарха (Митрополита Минского и Заславского Вениамина); Почетными грамотами: комитета по образованию Мингорисполкома, администрации Октябрьского района г.Минска; УО «Минский государственный колледж электроники», ОО Белорусский фонд мира; Благодарностями: Мингорсовета, комитета по образованию Мингорисполкома. Обладатель Дипломов: Диплома I степени Министерства образования в республиканском конкурсе проекта Энергия и среда обитания в номинации Педагогическая разработка; III  степени Комитета по образованию Мингорисполкома в номинации Педагогическая разработка.  Практический урок Сохрани климат с помощью простых энергетических решений городского этапа республиканского конкурса Энергомарафон 2017.",
      "position": "Заместитель директора по учебной работе",
      "date_edit": "2023-11-14T06:34:40.700Z"
    }
  },
  {
    "model": "simpleView.administration",
    "pk": 12,
    "fields": {
      "date_create": "2023-11-14T06:33:57Z",
      "middle_name": "Петуховский",
      "first_name": "Матвей",
      "last_name": "Станиславович",
      "image": "https://mgkct.minskedu.gov.by/files/02049/obj/650/45823/ico/%D0%9F%D0%B5%D1%82%D1%83%D1%85%D0%BE%D0%B2%D1%81%D0%BA%D0%B8%D0%B9.jpg",
      "education": "Окончил УО Минский государственный колледж электроники и УО Белорусский государственный университет информатики и радиоэлектроники. Обучается в УО Республиканский институт профессионального образования",
      "description": "28 июля 1998 года рождения. Окончил УО Минский государственный колледж электроники и УО Белорусский государственный университет информатики и радиоэлектроники. Обучается в УО Республиканский институт профессионального образования",
      "second_description": "За трудовую деятельность награждён: Благодарностью комитета по образованию Мингорисполкома (дважды); Почётными грамотами: комитета по образованию Мингорисполкома, республиканского института профессионального образования.",
      "position": "Заведующий Центром компетенций по робототехнике",
      "date_edit": "2023-11-14T06:34:40.700Z"
    }
  },
  {
    "model": "simpleView.administration",
    "pk": 13,
    "fields": {
      "date_create": "2023-11-14T06:33:57Z",
      "middle_name": "Ковальчук",
      "first_name": "Ольга",
      "last_name": "Васильевна",
      "image": "https://mgkct.minskedu.gov.by/files/02049/obj/650/40723/ico/icon_23.png",
      "education": "Окончила УО «Белорусский государственный педагогический университет имени Максима Танка» по специальности «Педагог социальный. Педагог-психолог»",
      "description": "Стаж работы (педагогический) – 12 лет",
      "second_description": "Награждена благодарностями: комитета по образованию Мингорисполкома, Фрунзенской районной организацией «Белая Русь», Дипломом 3 степени комитета по образованию Мингорисполкома в конкурсе профессионального мастерства «Столичный учитель – столичному образованию» 2018 в номинации «Педагог социальный», Почетной грамотой управления образования Фрунзенского района г. Минска.",
      "position": "Начальник отдела по воспитательной работе с молодёжью",
      "date_edit": "2023-11-14T06:34:40.700Z"
    }
  },
  {
    "model": "simpleView.teacher",
    "pk": 1,
    "fields": {
      "date_create": "2023-11-14T06:33:57Z",
      "middle_name": "Амброжи",
      "first_name": "Наталья",
      "last_name": "Михайловна",
      "image": "https://mgkct.minskedu.gov.by/files/02049/obj/650/40503/ico/icon_1.png",
      "description": "Образование: Окончила Белорусский государственный университет им. М. Танка по специальности «Преподаватель математики и информатики»",
      "room": 2,
      "group": null,
      "kurator": false,
      "date_edit": "2023-11-14T06:34:40.700Z"
    }
  },
  {
    "model": "simpleView.teacher",
    "pk": 2,
    "fields": {
      "date_create": "2023-11-14T06:33:57Z",
      "middle_name": "Анципов",
      "first_name": "Евгений",
      "last_name": "Юрьевич",
      "image": "https://mgkct.minskedu.gov.by/files/02049/obj/650/40513/ico/icon_2.png",
      "description": "Образование: Окончил «Белорусский государственный университет физической культуры» по специальности «Спортивно-педагогическая деятельность (тренерская работа по волейболу)».",
      "room": 3,
      "group": null,
      "kurator": false,
      "date_edit": "2023-11-14T06:34:40.700Z"
    }
  },
  {
    "model": "simpleView.teacher",
    "pk": 3,
    "fields": {
      "date_create": "2023-11-14T06:33:57Z",
      "middle_name": "Барсукова",
      "first_name": "Екатерина",
      "last_name": "Александровна",
      "image": "https://mgkct.minskedu.gov.by/files/02049/obj/650/40533/ico/icon_4.png",
      "description": "Образование: Окончила Белорусский государственный педагогический университет имени Максима Танка по специальности «Английский язык, белорусский язык и литература».",
      "room": 4,
      "group": null,
      "kurator": false,
      "date_edit": "2023-11-14T06:34:40.700Z"
    }
  },
  {
    "model": "simpleView.teacher",
    "pk": 7,
    "fields": {
      "date_create": "2023-11-14T06:33:57Z",
      "middle_name": "Бровка",
      "first_name": "Дионисий",
      "last_name": "Сергеевич",
      "image": "https://mgkct.minskedu.gov.by/files/02049/obj/650/40573/ico/icon_8.png",
      "description": "Окончил «Белорусский национальный технический университет» по специальности «Профессиональное обучение (информатика)».",
      "room": 1,
      "group": null,
      "kurator": false,
      "date_edit": "2023-11-14T06:34:40.700Z"
    }
  },
  {
    "model": "simpleView.employee",
    "pk": 1,
    "fields": {
      "middle_name": "Галицкий",
      "first_name": "Максим",
      "last_name": "Игоревич",
      "image": "https://mgkct.minskedu.gov.by/files/02049/obj/650/42743/ico/icon_27.png",
      "description": "Образование: Окончил «Белорусский национальный технический университет» по специальности «Профессиональное обучение (информатика)»."
    }
  },
  {
    "model": "simpleView.employeeahch",
    "pk": 1,
    "fields": {
      "middle_name": "Дернейко",
      "first_name": "Александр",
      "last_name": "Степанович",
      "image": "https://mgkct.minskedu.gov.by/files/02049/obj/650/42713/ico/icon_24.png",
      "description": "Образование: Окончил Государственное профессионально-техническое училище № 118 машиностроения, Минский заочный политехнический техникум по специальности «Обработка металлов резанием»"
    }
  },
  {
    "model": "simpleView.room",
    "pk": 100,
    "fields": { "room": "-", "corpus": 1 }
  },
  {
    "model": "simpleView.room",
    "pk": 101,
    "fields": { "room": "-", "corpus": 2 }
  },

  {
    "model": "simpleView.room",
    "pk": 1,
    "fields": { "room": "3-208", "corpus": 1 }
  },
  {
    "model": "simpleView.room",
    "pk": 2,
    "fields": { "room": "303", "corpus": 1 }
  },
  {
    "model": "simpleView.room",
    "pk": 3,
    "fields": { "room": "4-208", "corpus": 1 }
  },
  {
    "model": "simpleView.room",
    "pk": 4,
    "fields": { "room": "3-210", "corpus": 1 }
  },
  {
    "model": "simpleView.lesson",
    "pk": 1,
    "fields": {
      "subgroup": 1,
      "lesson_type": "Практическая работа",
      "room": 1,
      "teacher": 1,
      "subject": 1,
      "group": 1,
      "corpus": 1,
      "lesson_number": 2,
      "date": "2023-11-14"
    }
  },
  {
    "model": "simpleView.lesson",
    "pk": 2,
    "fields": {
      "subgroup": 2,
      "lesson_type": "Практическая работа",
      "room": 2,
      "teacher": 2,
      "subject": 2,
      "group": 2,
      "corpus": 1,
      "lesson_number": 1,
      "date": "2023-11-14"
    }
  },
  {
    "model": "simpleView.corpus",
    "pk": 1,
    "fields": { "corpus": "г. Минск, ул. Казинца, 91" }
  },
  {
    "model": "simpleView.corpus",
    "pk": 2,
    "fields": { "corpus": "г. Минск, ул. Кнорина, 14" }
  },
  {
    "model": "simpleView.subject",
    "pk": 1,
    "fields": {
      "date_create": "2023-11-14T06:34:47Z",
      "subject": "Разработка приложений для мобильных устройств",
      "description": "Изучение java, android для мобильной разработки",
      "type_subject": "Спецпредмет",
      "date_edit": "2023-11-14T06:34:54.440Z"
    }
  },
  { "model": "simpleView.group", "pk": 1, "fields": { "group": "160*" } },
  { "model": "simpleView.group", "pk": 2, "fields": { "group": "162*" } },
  { "model": "simpleView.group", "pk": 3, "fields": { "group": "163*" } },
  { "model": "simpleView.group", "pk": 4, "fields": { "group": "164*" } },
  { "model": "simpleView.group", "pk": 5, "fields": { "group": "165*" } },
  { "model": "simpleView.group", "pk": 6, "fields": { "group": "166*" } },
  { "model": "simpleView.group", "pk": 7, "fields": { "group": "49" } },
  { "model": "simpleView.group", "pk": 8, "fields": { "group": "50" } },
  { "model": "simpleView.group", "pk": 9, "fields": { "group": "51" } },
  {
    "model": "simpleView.news",
    "pk": 1,
    "fields": {
      "date_create": "2023-12-27T06:32:52Z",
      "title": "В ритме вальса!",
      "image": "https://mgkct.minskedu.gov.by/files/02049/obj/120/53153/ico/OCt3NSkO5bM_DhlCR0iea35288zPOeMU8IDGcY99vGkEeRQAsynFapLGC1ESKZ-664XjvMrp.jpg",
      "description": "Описание",
      "main_text": "26 декабря 2023 года в Минском государственном дворце детей и молодежи состоялся Городской новогодний бал школьников и студентов. Это не только красочное шоу и фееричный праздник, но и серьезное испытание. Шутка ли, протанцевать без устали почти три часа! Вызов приняли 84 пары. Участниками V Минского новогоднего бала стали учащиеся, добившихся особых успехов в учебе, творчестве и спорте!",
      "date_edit":  "2023-12-27T06:32:521Z"
    }
  },
  {
    "model": "simpleView.news",
    "pk": 2,
    "fields": {
      "date_create": "2023-11-14T06:32:52Z",
      "title": "Гордимся победой!",
      "image": "https://mgkct.minskedu.gov.by/files/02049/obj/120/53273/ico/photo_2023-12-29_15-12-39.jpg",
      "description": "Описание",
      "main_text": "Поздравляем учащегося учебной группы 74ТП Сацукевича Марка, занявшего I на чемпионате Брестской области среди мужчин и женщин в весовой категории до 64 кг и III место на открытом первенстве Минска по дзюдо среди юношей и девушек в весовой категории до 60 кг.",
      "date_edit": "2023-11-14T06:33:48.893Z"
    }
  },
  {
    "model": "simpleView.news",
    "pk": 3,
    "fields": {
      "date_create": "2023-12-30T01:12:12Z",
      "title": "Подводя итоги года",
      "image": "https://mgkct.minskedu.gov.by/files/02049/obj/120/53223/ico/1706x1280_0xac120003_1852117701610458540.jpg",
      "description": "Описание",
      "main_text": "28 декабря 2023 года состоялся праздничный концерт-поздравление для трудового коллектива, на котором директор Козел Георгий Владимирович торжественно вручил сотрудникам колледжа благодарности и грамоты за высокие достижения в работе, а также поздравил коллег с наступающим Новым годом и Рождеством. Георгий Владимирович пожелал всем крепкого здоровья, хорошего настроения, чтоб у каждого в доме были счастье, любовь и достаток.",
      "date_edit": "2023-12-30T01:12:12Z"
    }
  }
]